X,Y,Z,Theta,Phi,Extrude,Distance
50,300,50,1.5707963267949,0,0,115.849039702537
75,400,100,1.5707963267949,0,1,114.564392373896
100,300,50,1.5707963267949,0,1,114.564392373896
25,360,80,1.5707963267949,0,1,100.623058987491
125,360,80,1.5707963267949,0,1,100
50,300,50,1.5707963267949,0,1,100.623058987491
