X,Y,Z,Theta,Phi,Extrude,Distance
25,300,50,1.5707963267949,0,0,91.35644476445
25,400,50,1.5707963267949,0,1,100
125,400,50,1.5707963267949,0,1,100
125,300,50,1.5707963267949,0,1,100
25,300,50,1.5707963267949,0,1,100
