X,Y,Z,Theta,Phi,Extrude,Distance
50,300,50,1.5707963267949,0,0,115.849039702537
75,400,50,1.5707963267949,0,1,103.077640640442
100,300,50,1.5707963267949,0,1,103.077640640442
25,360,50,1.5707963267949,0,1,96.0468635614927
125,360,50,1.5707963267949,0,1,100
50,300,50,1.5707963267949,0,1,96.0468635614927
